,Nom,Infos,Prix,Date
0,ASRock AMD Radeon RX 6600 Challenger D 8GB,8 Go GDDR6 - HDMI/Tri DisplayPort - PCI Express (AMD Radeon RX 6600),229€95,2024-10-22
1,ASRock AMD Radeon RX 6750 XT Phantom Gaming D 12GB OC,12 Go GDDR6 - HDMI/Tri DisplayPort - PCI Express (AMD Radeon RX 6750 XT),399€95,2024-10-22
2,ASRock AMD Radeon RX 7600 Challenger 8GB,8 Go GDDR6 - HDMI/Tri DisplayPort - PCI Express (AMD Radeon RX 7600),299€95,2024-10-22
3,ASRock AMD Radeon RX 7600 Phantom Gaming 8GB OC,8 Go GDDR6 - HDMI/Tri DisplayPort - PCI Express (AMD Radeon RX 7600),349€94,2024-10-22
4,ASRock AMD Radeon RX 7600 Steel Legend 8GB OC,8 Go GDDR6 - HDMI/Tri DisplayPort - PCI Express (AMD Radeon RX 7600),339€95,2024-10-22
5,ASRock AMD Radeon RX 7600 XT Challenger 16GB OC,16 Go GDDR6 - Dual HDMI/Dual DisplayPort - PCI Express (AMD Radeon RX 7600 XT),369€95,2024-10-22
6,ASRock AMD Radeon RX 7600 XT Steel Legend 16GB OC,16 Go GDDR6 - Dual HDMI/Dual DisplayPort - PCI Express (AMD Radeon RX 7600 XT),389€95,2024-10-22
7,ASRock AMD Radeon RX 7700 XT Challenger 12GB OC,12 Go GDDR6 - HDMI/Tri DisplayPort - PCI Express (AMD Radeon RX 7700 XT),459€95,2024-10-22
8,ASRock AMD Radeon RX 7700 XT Phantom Gaming 12GB OC,12 Go GDDR6 - HDMI/Tri DisplayPort - PCI Express (AMD Radeon RX 7700 XT),479€95,2024-10-22
9,ASRock AMD Radeon RX 7700 XT Steel Legend 12GB OC,12 Go GDDR6 - HDMI/Tri DisplayPort - PCI Express (AMD Radeon RX 7700 XT),479€95,2024-10-22
10,ASRock AMD Radeon RX 7800 XT Challenger 16GB OC,16 Go GDDR6 - HDMI/Tri DisplayPort - PCI Express (AMD Radeon RX 7800 XT),564€95,2024-10-22
11,ASRock AMD Radeon RX 7800 XT Phantom Gaming 16GB OC,16 Go GDDR6 - HDMI/Tri DisplayPort - PCI Express (AMD Radeon RX 7800 XT),599€95,2024-10-22
12,ASRock AMD Radeon RX 7800 XT Steel Legend 16GB OC,16 Go GDDR6 - HDMI/Tri DisplayPort - PCI Express (AMD Radeon RX 7800 XT),579€95,2024-10-22
13,ASRock AMD Radeon RX 7900 GRE Steel Legend 16GB OC,16 Go GDDR6 - HDMI/Tri DisplayPort - PCI Express (AMD Radeon RX 7900 GRE),649€95,2024-10-22
14,ASRock AMD Radeon RX 7900 XT Phantom Gaming 20GB OC,20 Go GDDR6 - HDMI/Tri-DisplayPort - PCI Express (AMD Radeon RX 7900 XT),819€95,2024-10-22
15,ASRock AMD Radeon RX 7900 XT Phantom Gaming White 20GB OC,20 Go GDDR6 - HDMI/Tri-DisplayPort - PCI Express (AMD Radeon RX 7900 XT),819€95,2024-10-22
16,ASRock AMD Radeon RX 7900 XTX Phantom Gaming 24GB OC,24 Go GDDR6 - HDMI/Tri DisplayPort - PCI Express (AMD Radeon RX 7900 XTX),999€95,2024-10-22
17,ASRock AMD Radeon RX 7900 XTX Taichi White 24GB OC,24 Go GDDR6 - HDMI/Tri DisplayPort - PCI Express (AMD Radeon RX 7900 XTX),1 099€95,2024-10-22
18,ASRock Intel Arc A380 Challenger ITX 6GB OC,6 Go GDDR6 - HDMI/Tri DisplayPort - PCI Express (Intel Arc A380),149€95,2024-10-22
19,ASRock Intel Arc A750 Challenger D 8GB OC,8 Go GDDR6 - Dual HDMI/Dual DisplayPort - PCI Express (Intel Arc A750),259€95,2024-10-22
20,ASRock Intel Arc A770 Challenger 16GB OC,16 Go GDDR6 - HDMI/Tri DisplayPort - PCI Express (Intel Arc A770),339€95,2024-10-22
21,ASRock Radeon RX 6400 Challenger ITX 4GB,4 Go GDDR6 - HDMI/DisplayPort - PCI Express (AMD Radeon RX 6400),159€95,2024-10-22
22,ASRock Intel Arc A310 Low Profile 4GB,4 Go GDDR6 - HDMI/DisplayPort - PCI Express (Intel Arc A310),105€95,2024-10-22
23,ASRock Radeon RX 6500 XT Phantom Gaming 8GB,8 Go GDDR6 - HDMI/DisplayPort - PCI Express (AMD Radeon RX 6500 XT),219€95,2024-10-22
24,ASUS DUAL GeForce RTX 3050 OC O6G,6 Go GDDR6 - HDMI/DisplayPort/DVI - PCI Express (NVIDIA GeForce RTX 3050),214€95,2024-10-22
25,ASUS DUAL GeForce RTX 3050 V2 OC O8G,8 Go GDDR6 - DVI/HDMI/DisplayPort - PCI Express (NVIDIA GeForce RTX 3050),259€95,2024-10-22
26,ASUS Dual GeForce RTX 4060 EVO OC Edition 8GB,8 Go GDDR6 - HDMI/Tri DisplayPort - DLSS 3 - PCI Express (NVIDIA GeForce RTX 4060),359€95,2024-10-22
27,ASUS Dual GeForce RTX 4060 Ti White OC Edition 8GB,8 Go GDDR6 - HDMI/Tri DisplayPort - DLSS 3 - PCI Express (NVIDIA GeForce RTX 4060 Ti),469€95,2024-10-22
28,ASUS Dual GeForce RTX 4070 SUPER EVO White OC Edition 12GB GDDR6X,12 Go GDDR6X - HDMI/Tri DisplayPort - DLSS 3 - PCI Express (NVIDIA GeForce RTX 4070 SUPER),749€95,2024-10-22
29,ASUS Dual GeForce RTX 4070 Ti SUPER OC Edition 16GB,16 Go GDDR6X - HDMI/Tri DisplayPort - DLSS 3 - PCI Express (NVIDIA GeForce RTX 4070 Ti SUPER,959€95,2024-10-22
30,ASUS Dual Radeon RX 7600 XT OC Edition 16GB GDDR6,16 Go GDDR6 - HDMI/Tri DisplayPort - PCI Express (AMD Radeon RX 7600 XT),379€95,2024-10-22
31,ASUS Dual Radeon RX 7700 XT O12G,12 Go GDDR6 - HDMI/Tri DisplayPort - PCI Express (AMD Radeon RX 7700 XT),479€95,2024-10-22
32,ASUS Dual Radeon RX 7800 XT O16G,16 Go GDDR6 - HDMI/Tri DisplayPort - PCI Express (AMD Radeon RX 7800 XT),599€95,2024-10-22
33,ASUS DUAL Radeon RX 7900 XT OC Edition 20GB GDDR6,20 Go GDDR6 - HDMI/Tri DisplayPort - PCI Express (AMD Radeon RX 7900 XT),869€95,2024-10-22
34,ASUS DUAL Radeon RX 7900 XTX OC Edition 24GB GDDR6,24 Go GDDR6 - HDMI/Tri DisplayPort - PCI Express (AMD Radeon RX 7900 XTX),1 169€95,2024-10-22
35,ASUS GT730-SL-2GD5-BRK - GeForce GT 730 2 Go,2 Go HDMI/DVI - PCI Express (NVIDIA GeForce avec CUDA GT 730),77€95,2024-10-22
36,ASUS Radeon RX 6600 DUAL V2 8G,8 Go GDDR6 - HDMI/Tri DisplayPort - PCI Express (AMD Radeon RX 6600),259€95,2024-10-22
37,ASUS Radeon RX 7600 DUAL O8G,8 Go GDDR6 - HDMI/Tri DisplayPort - PCI Express (AMD Radeon RX 7600),299€95,2024-10-22
38,ASUS ROG Strix GeForce RTX 4070 SUPER OC Edition 12 GB,12 Go GDDR6X - Dual HDMI/Tri DisplayPort - DLSS 3 - PCI Express (NVIDIA GeForce RTX 4070 SUPER),899€95,2024-10-22
39,ASUS TUF Gaming GeForce RTX 4060 Ti OC Edition 8GB,8 Go GDDR6 - HDMI/Tri DisplayPort - DLSS 3 - PCI Express (NVIDIA GeForce RTX 4060 Ti),499€95,2024-10-22
40,ASUS TUF Gaming GeForce RTX 4070 SUPER OC Edition 12 GB,12 Go GDDR6X - HDMI/Tri DisplayPort - DLSS 3 - PCI Express (NVIDIA GeForce RTX 4070 SUPER),839€95,2024-10-22
41,ASUS TUF Gaming Radeon RX 7600 XT OC Edition 16GB GDDR6,16 Go GDDR6 - HDMI/Tri DisplayPort - PCI Express (AMD Radeon RX 7600 XT),459€95,2024-10-22
42,ASUS TUF Gaming Radeon RX 7900 XTX OC Edition 24GB GDDR6,24 Go GDDR6 - HDMI/Tri DisplayPort - PCI Express (AMD Radeon RX 7900 XTX),1 099€95,2024-10-22
43,ASUS TUF Radeon RX 7800 XT O16G Gaming,16 Go GDDR6 - HDMI/Tri DisplayPort - PCI Express (AMD Radeon RX 7800 XT),639€95,2024-10-22
44,ASUS TUF Radeon RX 7800 XT OG O16G Gaming,16 Go GDDR6 - HDMI/Tri DisplayPort - PCI Express (AMD Radeon RX 7800 XT),589€95,2024-10-22
45,ASUS Dual GeForce RTX 4060 White OC Edition 8GB,8 Go GDDR6 - HDMI/Tri DisplayPort - DLSS 3 - PCI Express (NVIDIA GeForce RTX 4060),374€95,2024-10-22
46,ASUS ProArt GeForce RTX 4070 Ti SUPER OC Edition 16GB,16 Go GDDR6X - HDMI/Tri DisplayPort - DLSS 3 - PCI Express (NVIDIA GeForce RTX 4070 Ti SUPER),1 099€95,2024-10-22
47,ASUS ROG Strix GeForce RTX 4070 Ti SUPER OC Edition 16GB,16 Go GDDR6X - Dual HDMI/Tri DisplayPort - DLSS 3 - PCI Express (NVIDIA GeForce RTX 4070 Ti SUPER),1 169€95,2024-10-22
48,ASUS TUF Gaming GeForce RTX 4070 Ti SUPER BTF White OC Edition 16GB,16 Go GDDR6X - Dual HDMI/Tri DisplayPort - DLSS 3 - PCI Express (NVIDIA GeForce RTX 4070 Ti SUPER),1 099€95,2024-10-22
49,ASUS TUF Gaming GeForce RTX 4070 Ti SUPER OC Edition 16GB,16 Go GDDR6X - Dual HDMI/Tri DisplayPort - DLSS 3 - PCI Express (NVIDIA GeForce RTX 4070 Ti SUPER,999€95,2024-10-22
50,ASUS TUF Gaming GeForce RTX 4070 Ti SUPER White OC Edition 16GB,16 Go GDDR6X - Dual HDMI/Tri DisplayPort - DLSS 3 - PCI Express (NVIDIA GeForce RTX 4070 Ti SUPER,1 089€95,2024-10-22
51,ASUS TUF Gaming GeForce RTX 4080 SUPER OC Edition 16 GB,16 Go GDDR6X - Dual HDMI/Tri DisplayPort - DLSS 3 - PCI Express (NVIDIA GeForce RTX 4080 SUPER),1 379€95,2024-10-22
52,Asus GeForce GT 710 2GB GDDR5 EVO,2 Go GDDR5 - HDMI/DVI/VGA - PCI Express (NVIDIA GeForce GT 710),54€95,2024-10-22
53,ASUS Dual GeForce RTX 4060 Ti EVO OC Edition 8GB,8 Go GDDR6 - HDMI/Tri DisplayPort - DLSS 3 - PCI Express (NVIDIA GeForce RTX 4060 Ti),459€95,2024-10-22
54,ASUS Dual GeForce RTX 4060 Ti OC Edition 16GB,16 Go GDDR6 - HDMI/Tri DisplayPort - DLSS 3 - PCI Express (NVIDIA GeForce RTX 4060 Ti),539€95,2024-10-22
55,ASUS Dual GeForce RTX 4070 SUPER 12G,12 Go GDDR6X - HDMI/Tri DisplayPort - DLSS 3 - PCI Express (NVIDIA GeForce RTX 4070 SUPER),749€95,2024-10-22
56,ASUS Dual GeForce RTX 4070 SUPER EVO OC Edition 12GB GDDR6X,12 Go GDDR6X - HDMI/Tri DisplayPort - DLSS 3 - PCI Express (NVIDIA GeForce RTX 4070 SUPER),699€95,2024-10-22
57,ASUS ProArt GeForce RTX 4080 SUPER OC Edition 16 GB,16 Go GDDR6X - HDMI/Tri DisplayPort - DLSS 3 - PCI Express (NVIDIA GeForce RTX 4080 SUPER),1 279€95,2024-10-22
58,ASUS ROG Strix GeForce RTX 4090 24GB,24 Go GDDR6X - Dual HDMI/Tri DisplayPort - DLSS 3 - PCI Express (NVIDIA GeForce RTX 4090),2 399€95,2024-10-22
59,ASUS ROG Strix GeForce RTX 4090 BTF OC Edition 24GB,24 Go GDDR6X - Dual HDMI/Tri DisplayPort - DLSS 3 - PCI Express (NVIDIA GeForce RTX 4090),2 499€95,2024-10-22
60,ASUS ROG Strix GeForce RTX 4090 OC Edition 24GB,24 Go GDDR6X - Dual HDMI/Tri DisplayPort - DLSS 3 - PCI Express (NVIDIA GeForce RTX 4090),2 499€95,2024-10-22
61,ASUS TUF Gaming GeForce RTX 4070 Ti SUPER 16GB,16 Go GDDR6X - Dual HDMI/Tri DisplayPort - DLSS 3 - PCI Express (NVIDIA GeForce RTX 4070 Ti SUPER,999€95,2024-10-22
62,ASUS TUF Gaming GeForce RTX 4070 Ti SUPER OC Bundle The Force,16 Go GDDR6X - Dual HDMI/Tri DisplayPort - DLSS 3 - PCI Express (NVIDIA GeForce RTX 4070 Ti SUPER) + Sabre connecté LED RGB - lame 36 pouces,1 049€95,2024-10-22
63,ASUS TUF Gaming GeForce RTX 4080 SUPER 16 GB,16 Go GDDR6X - Dual HDMI/Tri DisplayPort - DLSS 3 - PCI Express (NVIDIA GeForce RTX 4080 SUPER),1 259€95,2024-10-22
64,ASUS TUF Gaming GeForce RTX 4090 OC Edition 24GB,24 Go GDDR6X - Dual HDMI/Tri DisplayPort - DLSS 3 - PCI Express (NVIDIA GeForce RTX 4090),2 329€94,2024-10-22
65,ASUS TUF Gaming GeForce RTX 4090 OC OG Edition 24GB,24 Go GDDR6X - Dual HDMI/Tri DisplayPort - DLSS 3 - PCI Express (NVIDIA GeForce RTX 4090),2 249€95,2024-10-22
66,ASUS TUF Gaming Radeon RX 7900 XT OC Edition 20GB GDDR6,20 Go GDDR6 - HDMI/Tri DisplayPort - PCI Express (AMD Radeon RX 7900 XT),899€95,2024-10-22
67,ASUS TUF Radeon RX 7700 XT O12G Gaming,12 Go GDDR6 - HDMI/Tri DisplayPort - PCI Express (AMD Radeon RX 7700 XT),499€95,2024-10-22
68,Gainward GeForce RTX 3050 Pegasus 6G,6 Go GDDR6 - HDMI/DisplayPort/DVI - PCI Express (NVIDIA GeForce RTX 3050),199€95,2024-10-22
69,Gainward GeForce RTX 3050 Pegasus 8GB (LHR),8 Go GDDR6 - DVI/HDMI/DisplayPort - PCI Express (NVIDIA GeForce RTX 3050),229€95,2024-10-22
70,Gainward GeForce RTX 4060 Pegasus,8 Go GDDR6 - HDMI/Tri DisplayPort - DLSS 3 - PCI Express (NVIDIA GeForce RTX 4060),329€95,2024-10-22
71,Gainward GeForce RTX 4060 Python II,8 Go GDDR6 - HDMI/Tri DisplayPort - DLSS 3 - PCI Express (NVIDIA GeForce RTX 4060),299€95,2024-10-22
72,Gainward GeForce RTX 4060 Ti 16GB Panther,16 Go GDDR6 - HDMI/Tri DisplayPort - DLSS 3 - PCI Express (NVIDIA GeForce RTX 4060 Ti),499€95,2024-10-22
73,Gainward GeForce RTX 4070 Ghost GDDR6,12 Go GDDR6 - HDMI/Tri DisplayPort - DLSS 3 - PCI Express (NVIDIA GeForce RTX 4070),579€95,2024-10-22
74,Gainward GeForce RTX 4070 Ghost OC,12 Go GDDR6X - HDMI/Tri DisplayPort - DLSS 3 - PCI Express (NVIDIA GeForce RTX 4070),649€95,2024-10-22
75,Gainward GeForce RTX 4070 Ghost OC GDDR6,12 Go GDDR6 - HDMI/Tri DisplayPort - DLSS 3 - PCI Express (NVIDIA GeForce RTX 4070),599€95,2024-10-22
76,Gainward GeForce RTX 4070 Ti SUPER Panther OC,16 Go GDDR6X - HDMI/Tri DisplayPort - DLSS 3 - PCI Express (NVIDIA GeForce RTX 4070 Ti SUPER),949€95,2024-10-22
77,Gainward GeForce RTX 4070 Ti SUPER Phoenix,16 Go GDDR6X - HDMI/Tri DisplayPort - DLSS 3 - PCI Express (NVIDIA GeForce RTX 4070 Ti SUPER),949€95,2024-10-22
78,Gainward GeForce RTX 4070 Ti SUPER Phoenix Golden Sample,16 Go GDDR6X - HDMI/Tri DisplayPort - DLSS 3 - PCI Express (NVIDIA GeForce RTX 4070 Ti SUPER),979€95,2024-10-22
79,Gainward GeForce RTX 4070 Ti SUPER Python III OC,16 Go GDDR6X - HDMI/Tri DisplayPort - DLSS 3 - PCI Express (NVIDIA GeForce RTX 4070 Ti SUPER),939€95,2024-10-22
80,Gainward GeForce RTX 4080 SUPER Panther OC,16 Go GDDR6X - HDMI/Tri DisplayPort - DLSS 3 - PCI Express (NVIDIA GeForce RTX 4080 SUPER),1 149€95,2024-10-22
81,Gainward GeForce RTX 4080 SUPER Python III OC,16 Go GDDR6X - HDMI/Tri DisplayPort - DLSS 3 - PCI Express (NVIDIA GeForce RTX 4080 SUPER),1 149€95,2024-10-22
82,Gainward GeForce RTX 4070 SUPER Ghost,12 Go GDDR6X - HDMI/Tri DisplayPort - DLSS 3 - PCI Express (NVIDIA GeForce RTX 4070 SUPER),649€95,2024-10-22
83,Gainward GeForce RTX 4070 SUPER Ghost OC,12 Go GDDR6X - HDMI/Tri DisplayPort - DLSS 3 - PCI Express (NVIDIA GeForce RTX 4070 SUPER),699€95,2024-10-22
84,Gainward GeForce RTX 4090 Phantom,24 Go GDDR6X - HDMI/Tri DisplayPort - DLSS 3 - PCI Express (NVIDIA GeForce RTX 4090),1 979€95,2024-10-22
85,Gigabyte GeForce RTX 3050 OC Low Profile 6G,6 Go GDDR6 - Dual HDMI/ Dual DisplayPort - PCI Express (NVIDIA GeForce RTX 3050),229€95,2024-10-22
86,Gigabyte GeForce RTX 3050 WINDFORCE OC 6G,6 Go GDDR6 - Dual HDMI/ Dual DisplayPort - PCI Express (NVIDIA GeForce RTX 3050),209€95,2024-10-22
87,Gigabyte GeForce RTX 3060 GAMING OC 12G (rev 2.0) (LHR),12 Go GDDR6 - Dual HDMI/Dual DisplayPort - PCI Express (NVIDIA GeForce RTX 3060),339€95,2024-10-22
88,Gigabyte GeForce RTX 4060 AERO OC 8G,8 Go GDDR6 - Dual HDMI/Dual DisplayPort - DLSS 3 - PCI Express (NVIDIA GeForce RTX 4060),389€95,2024-10-22
89,Gigabyte GeForce RTX 4060 EAGLE OC 8G,8 Go GDDR6 - Dual HDMI/Dual DisplayPort - DLSS 3 - PCI Express (NVIDIA GeForce RTX 4060),339€95,2024-10-22
90,Gigabyte GeForce RTX 4060 GAMING OC 8G,8 Go GDDR6 - Dual HDMI/Dual DisplayPort - DLSS 3 - PCI Express (NVIDIA GeForce RTX 4060),369€95,2024-10-22
91,Gigabyte GeForce RTX 4060 Ti AERO OC 8G,8 Go GDDR6 - Dual HDMI/Dual DisplayPort - DLSS 3 - PCI Express (NVIDIA GeForce RTX 4060 Ti),499€95,2024-10-22
92,Gigabyte GeForce RTX 4060 Ti EAGLE OC 8G,8 Go GDDR6 - Dual HDMI/Dual DisplayPort - DLSS 3 - PCI Express (NVIDIA GeForce RTX 4060 Ti),479€95,2024-10-22
93,Gigabyte GeForce RTX 4060 Ti GAMING OC 8G,8 Go GDDR6 - Dual HDMI/Dual DisplayPort - DLSS 3 - PCI Express (NVIDIA GeForce RTX 4060 Ti),469€95,2024-10-22
94,Gigabyte GeForce RTX 4060 Ti WINDFORCE OC 16G,16 Go GDDR6 - Dual HDMI/Dual DisplayPort - DLSS 3 - PCI Express (NVIDIA GeForce RTX 4060 Ti),499€95,2024-10-22
95,Gigabyte GeForce RTX 4060 WINDFORCE OC 8G,8 Go GDDR6 - Dual HDMI/Dual DisplayPort - DLSS 3 - PCI Express (NVIDIA GeForce RTX 4060),349€95,2024-10-22
96,Gigabyte GeForce RTX 4070 SUPER WINDFORCE OC 12G,12 Go GDDR6X - HDMI/Tri DisplayPort - DLSS 3 - PCI Express (NVIDIA GeForce RTX 4070 SUPER),699€95,2024-10-22
97,Gigabyte GeForce RTX 4070 Ti SUPER AI TOP 16G,16 Go GDDR6X - HDMI/Tri DisplayPort - DLSS 3 - PCI Express (NVIDIA GeForce RTX 4070 Ti SUPER),1 099€95,2024-10-22
98,Gigabyte GeForce RTX 4070 Ti SUPER EAGLE OC 16G,16 Go GDDR6X - HDMI/Tri DisplayPort - DLSS 3 - PCI Express (NVIDIA GeForce RTX 4070 Ti SUPER),999€95,2024-10-22
99,Gigabyte GeForce RTX 4070 Ti SUPER EAGLE OC ICE 16G,16 Go GDDR6X - HDMI/Tri DisplayPort - DLSS 3 - PCI Express (NVIDIA GeForce RTX 4070 Ti SUPER),999€95,2024-10-22
100,Gigabyte GeForce RTX 4070 Ti SUPER GAMING OC 16G,16 Go GDDR6X - HDMI/Tri DisplayPort - DLSS 3 - PCI Express (NVIDIA GeForce RTX 4070 Ti SUPER),999€95,2024-10-22
101,Gigabyte GeForce RTX 4070 Ti SUPER WINDFORCE MAX OC 16G,16 Go GDDR6X - HDMI/Tri DisplayPort - DLSS 3 - PCI Express (NVIDIA GeForce RTX 4070 Ti SUPER),949€95,2024-10-22
102,Gigabyte GeForce RTX 4070 WINDFORCE 2X OC 12G V2,12 Go GDDR6 - HDMI/Tri DisplayPort - DLSS 3 - PCI Express (NVIDIA GeForce RTX 4070),599€95,2024-10-22
103,Gigabyte GeForce RTX 4070 WINDFORCE OC 12G V2,12 Go GDDR6 - HDMI/Tri DisplayPort - DLSS 3 - PCI Express (NVIDIA GeForce RTX 4070),619€95,2024-10-22
104,Gigabyte GeForce RTX 4080 SUPER AERO OC 16G,16 Go GDDR6X - HDMI/Tri DisplayPort - DLSS 3 - PCI Express (NVIDIA GeForce RTX 4080 SUPER),1 249€95,2024-10-22
105,Gigabyte GeForce RTX 4080 SUPER GAMING OC 16G,16 Go GDDR6X - HDMI/Tri DisplayPort - DLSS 3 - PCI Express (NVIDIA GeForce RTX 4080 SUPER),1 229€95,2024-10-22
106,Gigabyte GeForce RTX 4080 SUPER WINDFORCE OC V2 16G,16 Go GDDR6X - HDMI/Tri DisplayPort - DLSS 3 - PCI Express (NVIDIA GeForce RTX 4080 SUPER),1 199€00,2024-10-22
107,Gigabyte GT 1030 Low Profile D4 2G,2 Go GDDR4 - HDMI/DVI - PCI Express (NVIDIA GeForce GT 1030),89€95,2024-10-22
108,Gigabyte GT 1030 OC 2G,2048 Mo HDMI/DVI - PCI Express (NVIDIA GeForce avec CUDA GT 1030),99€95,2024-10-22
109,Gigabyte Radeon RX 6400 D6 Low Profile 4G,4 Go GDDR6 - HDMI/DisplayPort - PCI Express (AMD Radeon RX 6400),189€95,2024-10-22
110,Gigabyte Radeon RX 6500 XT EAGLE 4G,4 Go GDDR6 - HDMI/DisplayPort - PCI Express (AMD Radeon RX 6500 XT),219€95,2024-10-22
111,Gigabyte Radeon RX 6600 EAGLE 8G,8 Go GDDR6 - Dual HDMI/Dual DisplayPort - PCI Express (AMD Radeon RX 6600),244€96,2024-10-22
112,Gigabyte Radeon RX 7600 GAMING OC 8G,8 Go GDDR6 - Dual HDMI/Dual DisplayPort - PCI Express (AMD Radeon RX 7600),299€95,2024-10-22
113,Gigabyte Radeon RX 7600 XT GAMING OC 16G,16 Go GDDR6 - Dual HDMI/Dual DisplayPort - PCI Express (AMD Radeon RX 7600 XT),369€95,2024-10-22
114,Gigabyte Radeon RX 7700 XT GAMING OC 12G,12 Go GDDR6 - Dual HDMI/Dual DisplayPort - PCI Express (AMD Radeon RX 7700 XT),459€95,2024-10-22
115,Gigabyte Radeon RX 7800 XT GAMING OC 16G,16 Go GDDR6 - Dual HDMI/Dual DisplayPort - PCI Express (AMD Radeon RX 7800 XT),549€95,2024-10-22
116,Gigabyte Radeon RX 7800 XT GAMING OC Bundle The Force,16 Go GDDR6 - Dual HDMI/Dual DisplayPort - PCI Express (AMD Radeon RX 7800 XT) + Sabre connecté LED RGB - lame 36 pouces,599€95,2024-10-22
117,Gigabyte Radeon RX 7900 XT GAMING OC 20G,20 Go GDDR6 - Dual HDMI/Dual DisplayPort - PCI Express (AMD Radeon RX 7900 XT),769€95,2024-10-22
118,Gigabyte Radeon RX 7900 XTX GAMING OC 24G,24 Go GDDR6 - Dual HDMI/Dual DisplayPort - PCI Express (AMD Radeon RX 7900 XTX),1 029€95,2024-10-22
119,Gigabyte AORUS GeForce RTX 4090 AERO OC 24G,24 Go GDDR6X - HDMI/Tri DisplayPort - DLSS 3 - PCI Express (NVIDIA GeForce RTX 4090),2 199€95,2024-10-22
120,Gigabyte GeForce RTX 4070 SUPER GAMING OC 12G,12 Go GDDR6X - HDMI/Tri DisplayPort - DLSS 3 - PCI Express (NVIDIA GeForce RTX 4070 SUPER),749€95,2024-10-22
121,Gigabyte GeForce RTX 4070 Ti SUPER WINDFORCE OC 16G,16 Go GDDR6X - HDMI/Tri DisplayPort - DLSS 3 - PCI Express (NVIDIA GeForce RTX 4070 Ti SUPER),979€95,2024-10-22
122,Gigabyte AORUS GeForce RTX 4070 SUPER MASTER 12G,12 Go GDDR6X - HDMI/Tri DisplayPort - DLSS 3 - PCI Express (NVIDIA GeForce RTX 4070 SUPER),819€95,2024-10-22
123,Gigabyte AORUS GeForce RTX 4080 SUPER MASTER 16G,16 Go GDDR6X - HDMI/Tri DisplayPort - DLSS 3 - PCI Express (NVIDIA GeForce RTX 4080 SUPER),1 399€95,2024-10-22
124,Gigabyte AORUS Radeon RX 6400 EAGLE 4G,4 Go GDDR6 - HDMI/DisplayPort - PCI Express (AMD Radeon RX 6400),189€95,2024-10-22
125,Gigabyte GeForce RTX 4060 EAGLE OC ICE 8G,8 Go GDDR6 - Dual HDMI/Dual DisplayPort - DLSS 3 - PCI Express (NVIDIA GeForce RTX 4060),369€95,2024-10-22
126,Gigabyte GeForce RTX 4060 Ti WINDFORCE OC 8G,8 Go GDDR6 - Dual HDMI/Dual DisplayPort - DLSS 3 - PCI Express (NVIDIA GeForce RTX 4060 Ti),429€95,2024-10-22
127,Gigabyte GeForce RTX 4070 SUPER AERO OC 12G,12 Go GDDR6X - HDMI/Tri DisplayPort - DLSS 3 - PCI Express (NVIDIA GeForce RTX 4070 SUPER),779€95,2024-10-22
128,Gigabyte GeForce RTX 4070 SUPER EAGLE OC 12G,12 Go GDDR6X - HDMI/Tri DisplayPort - DLSS 3 - PCI Express (NVIDIA GeForce RTX 4070 SUPER),749€95,2024-10-22
129,Gigabyte GeForce RTX 4070 SUPER EAGLE OC ICE 12G,12 Go GDDR6X - HDMI/Tri DisplayPort - DLSS 3 - PCI Express (NVIDIA GeForce RTX 4070 SUPER),739€95,2024-10-22
130,Gigabyte GeForce RTX 4070 Ti SUPER AERO OC 16G,16 Go GDDR6X - HDMI/Tri DisplayPort - DLSS 3 - PCI Express (NVIDIA GeForce RTX 4070 Ti SUPER),1 059€95,2024-10-22
131,Gigabyte GeForce RTX 4090 GAMING OC 24G,24 Go GDDR6X - HDMI/Tri DisplayPort - DLSS 3 - PCI Express (NVIDIA GeForce RTX 4090),2 079€95,2024-10-22
132,Gigabyte GeForce RTX 4090 WINDFORCE 24G,24 Go GDDR6X - HDMI/Tri DisplayPort - DLSS 3 - PCI Express (NVIDIA GeForce RTX 4090),1 999€95,2024-10-22
133,Gigabyte GeForce RTX 4090 XTREME WATERFORCE 24G,24 Go GDDR6X - HDMI/Tri DisplayPort - DLSS 3 - PCI Express (NVIDIA GeForce RTX 4090),2 499€95,2024-10-22
134,Intel Arc A770 Graphics,16 Go GDDR6 - HDMI/Tri DisplayPort - PCI Express (Intel Arc A770),459€95,2024-10-22
135,KFA2 GeForce RTX 3050 6GB EX,6 Go GDDR6 - HDMI/Tri DisplayPort - PCI Express (NVIDIA GeForce RTX 3050),199€95,2024-10-22
136,KFA2 GeForce RTX 4060 2X V2 (1-Click OC),8 Go GDDR6 - HDMI/Tri DisplayPort - DLSS 3 - PCI Express (NVIDIA GeForce RTX 4060),314€95,2024-10-22
137,KFA2 GeForce RTX 4060 Ti 8GB OC (1-Click OC),8 Go GDDR6 - HDMI/Tri DisplayPort - DLSS 3 - PCI Express (NVIDIA GeForce RTX 4060 Ti),419€95,2024-10-22
138,KFA2 GeForce RTX 4060 EX 2X (1-Click OC),8 Go GDDR6 - HDMI/Tri DisplayPort - DLSS 3 - PCI Express (NVIDIA GeForce RTX 4060),344€95,2024-10-22
139,KFA2 GeForce RTX 4060 Ti 8 GB EX (1-Click OC),8 Go GDDR6 - HDMI/Tri DisplayPort - DLSS 3 - PCI Express (NVIDIA GeForce RTX 4060 Ti),459€95,2024-10-22
140,KFA2 GeForce RTX 4060 Ti 8GB EX White (1-Click OC),8 Go GDDR6 - HDMI/Tri DisplayPort - DLSS 3 - PCI Express (NVIDIA GeForce RTX 4060 Ti),489€95,2024-10-22
141,KFA2 GeForce RTX 4070 SUPER 1-Click OC 2X V2,12 Go GDDR6X - HDMI/Tri DisplayPort - DLSS 3 - PCI Express (NVIDIA GeForce RTX 4070 SUPER),699€95,2024-10-22
142,KFA2 GeForce RTX 4070 Ti SUPER EX Gamer (1-Click OC),16 Go GDDR6X - HDMI/Tri DisplayPort - DLSS 3 - PCI Express (NVIDIA GeForce RTX 4070 Ti SUPER),999€95,2024-10-22
143,KFA2 GeForce RTX 4070 Ti SUPER EX Gamer White (1-Click OC),16 Go GDDR6X - HDMI/Tri DisplayPort - DLSS 3 - PCI Express (NVIDIA GeForce RTX 4070 Ti SUPER),999€95,2024-10-22
144,KFA2 GeForce RTX 4080 SUPER SG (1-Click OC),16 Go GDDR6X - HDMI/Tri DisplayPort - DLSS 3 - PCI Express (NVIDIA GeForce RTX 4080 SUPER),1 249€95,2024-10-22
145,KFA2 GeForce RTX 4080 SUPER ST (1-Click OC),16 Go GDDR6X - HDMI/Tri DisplayPort - DLSS 3 - PCI Express (NVIDIA GeForce RTX 4080 SUPER),1 219€95,2024-10-22
146,MSI GeForce GT 1030 2GHD4 LP OC,2 Go DDR4 - HDMI/DisplayPort - PCI Express (NVIDIA GeForce GT 1030) Low Profile,82€95,2024-10-22
147,MSI GeForce GT 710 2GD3H LP,2 Go HDMI/DVI - PCI Express (NVIDIA GeForce avec CUDA GT 710),54€95,2024-10-22
148,MSI GeForce RTX 3050 LP 6G OC,6 Go GDDR6 - Dual HDMI/DisplayPort - PCI Express (NVIDIA GeForce RTX 3050),214€95,2024-10-22
149,MSI GeForce RTX 3050 VENTUS 2X 6G OC,6 Go GDDR6 - Dual HDMI/DisplayPort - PCI Express (NVIDIA GeForce RTX 3050),214€95,2024-10-22
150,MSI GeForce RTX 3050 VENTUS 2X XS 8G OC,8 Go GDDR6 - DVI/HDMI/DisplayPort - PCI Express (NVIDIA GeForce RTX 3050),224€95,2024-10-22
151,MSI GeForce RTX 4060 GAMING X 8G,8 Go GDDR6 - HDMI/Tri DisplayPort - DLSS 3 - PCI Express (NVIDIA GeForce RTX 4060),369€95,2024-10-22
152,MSI GeForce RTX 4060 GAMING X NV EDITION 8G,8 Go GDDR6 - HDMI/Tri DisplayPort - DLSS 3 - PCI Express (NVIDIA GeForce RTX 4060),359€95,2024-10-22
153,MSI GeForce RTX 4060 Ti GAMING X 8G,8 Go GDDR6 - HDMI/Tri DisplayPort - DLSS 3 - PCI Express (NVIDIA GeForce RTX 4060 Ti),489€95,2024-10-22
154,MSI GeForce RTX 4060 Ti VENTUS 2X BLACK 8G OC,8 Go GDDR6 - HDMI/Tri DisplayPort - DLSS 3 - PCI Express (NVIDIA GeForce RTX 4060 Ti),439€95,2024-10-22
155,MSI GeForce RTX 4060 VENTUS 2X BLACK 8G OC,8 Go GDDR6 - HDMI/Tri DisplayPort - DLSS 3 - PCI Express (NVIDIA GeForce RTX 4060),349€95,2024-10-22
156,MSI GeForce RTX 4060 VENTUS 2X WHITE 8G OC,8 Go GDDR6 - HDMI/Tri DisplayPort - DLSS 3 - PCI Express (NVIDIA GeForce RTX 4060),359€95,2024-10-22
157,MSI GeForce RTX 4070 SUPER 12G GAMING X SLIM WHITE,12 Go GDDR6X - HDMI/Tri DisplayPort - DLSS 3 - PCI Express (NVIDIA GeForce RTX 4070 SUPER),799€95,2024-10-22
158,MSI GeForce RTX 4070 Ti SUPER 16G EXPERT,16 Go GDDR6X - HDMI/Tri DisplayPort - DLSS 3 - PCI Express (NVIDIA GeForce RTX 4070 Ti SUPER),1 079€95,2024-10-22
159,MSI GeForce RTX 4070 TI SUPER 16G GAMING SLIM Stalker 2 EDITION + Jeu S.T.A.L.K.E.R. 2 : Heart of Chornobyl DELUXE EDITION,16 Go GDDR6X - HDMI/Tri DisplayPort - DLSS 3 - PCI Express (NVIDIA GeForce RTX 4070 Ti SUPER) + Jeu PC S.T.A.L.K.E.R. 2 : Heart of Chornobyl DELUXE EDITION inclus (code de téléchargement),1 049€95,2024-10-22
160,MSI GeForce RTX 4070 TI SUPER 16G VENTUS 2X OC,16 Go GDDR6X - HDMI/Tri DisplayPort - DLSS 3 - PCI Express (NVIDIA GeForce RTX 4070 Ti SUPER),979€95,2024-10-22
161,MSI GeForce RTX 4070 VENTUS 2X E1 12G OC,12 Go GDDR6 - HDMI/Tri DisplayPort - DLSS 3 - PCI Express (NVIDIA GeForce RTX 4070),609€95,2024-10-22
162,MSI Radeon RX 6750 XT MECH 2X 12G V1,12 Go GDDR6 - HDMI/Tri DisplayPort - PCI Express (AMD Radeon RX 6750 XT),429€95,2024-10-22
163,MSI GeForce RTX 4060 Ti 8G VENTUS 2X BLACK E1 OC,8 Go GDDR6 - HDMI/Tri DisplayPort - DLSS 3 - PCI Express (NVIDIA GeForce RTX 4060 Ti),459€95,2024-10-22
164,MSI GeForce RTX 4070 SUPER 12G VENTUS 2X OC,12 Go GDDR6X - HDMI/Tri DisplayPort - DLSS 3 - PCI Express (NVIDIA GeForce RTX 4070 SUPER),699€95,2024-10-22
165,MSI GeForce RTX 4080 SUPER 16G VENTUS 3X OC,16 Go GDDR6X - Dual HDMI/Dual DisplayPort - DLSS 3 - PCI Express (NVIDIA GeForce RTX 4080 SUPER),1 239€95,2024-10-22
166,MSI GeForce RTX 4090 GAMING X SLIM 24G,24 Go GDDR6X - Dual HDMI/Dual DisplayPort - DLSS 3 - PCI Express (NVIDIA GeForce RTX 4090),2 049€95,2024-10-22
167,MSI GeForce RTX 4060 Ti VENTUS 2X BLACK 16G OC,16 Go GDDR6 - HDMI/Tri DisplayPort - DLSS 3 - PCI Express (NVIDIA GeForce RTX 4060 Ti),529€95,2024-10-22
168,MSI GeForce RTX 4060 Ti VENTUS 3X E 8G OC,8 Go GDDR6 - HDMI/Tri DisplayPort - DLSS 3 - PCI Express (NVIDIA GeForce RTX 4060 Ti),479€95,2024-10-22
169,MSI GeForce RTX 4070 SUPER 12G GAMING X SLIM,12 Go GDDR6X - HDMI/Tri DisplayPort - DLSS 3 - PCI Express (NVIDIA GeForce RTX 4070 SUPER),799€95,2024-10-22
170,MSI GeForce RTX 4070 TI SUPER 16G GAMING X SLIM,16 Go GDDR6X - HDMI/Tri DisplayPort - DLSS 3 - PCI Express (NVIDIA GeForce RTX 4070 Ti SUPER),1 049€95,2024-10-22
171,MSI GeForce RTX 4090 VENTUS 3X E 24G OC,24 Go GDDR6X - Dual HDMI/Dual DisplayPort - DLSS 3 - PCI Express (NVIDIA GeForce RTX 4090),1 949€95,2024-10-22
172,MSI GeForce RTX 4060 AERO ITX 8G OC,8 Go GDDR6 - HDMI/Tri DisplayPort - DLSS 3 - PCI Express (NVIDIA GeForce RTX 4060),339€95,2024-10-22
173,MSI GeForce RTX 4060 Ti GAMING X SLIM WHITE 16G,16 Go GDDR6 - HDMI/Tri DisplayPort - DLSS 3 - PCI Express (NVIDIA GeForce RTX 4060 Ti),569€95,2024-10-22
174,MSI GeForce RTX 4070 SUPER 12G VENTUS 2X WHITE OC,12 Go GDDR6X - HDMI/Tri DisplayPort - DLSS 3 - PCI Express (NVIDIA GeForce RTX 4070 SUPER),749€95,2024-10-22
175,MSI GeForce RTX 4070 TI SUPER 16G VENTUS 2X WHITE OC,16 Go GDDR6X - HDMI/Tri DisplayPort - DLSS 3 - PCI Express (NVIDIA GeForce RTX 4070 Ti SUPER),959€95,2024-10-22
176,MSI GeForce RTX 4080 SUPER 16G EXPERT,16 Go GDDR6X - HDMI/Tri DisplayPort - DLSS 3 - PCI Express (NVIDIA GeForce RTX 4080 SUPER),1 329€95,2024-10-22
177,MSI GeForce RTX 4080 SUPER 16G GAMING X SLIM,16 Go GDDR6X - Dual HDMI/Dual DisplayPort - DLSS 3 - PCI Express (NVIDIA GeForce RTX 4080 SUPER),1 299€95,2024-10-22
178,MSI GeForce RTX 4090 GAMING X TRIO 24G,24 Go GDDR6X - HDMI/Tri DisplayPort - DLSS 3 - PCI Express (NVIDIA GeForce RTX 4090),2 099€95,2024-10-22
179,PowerColor AMD Radeon RX 7900 XT Hellhound,20 Go GDDR6 - HDMI/Tri DisplayPort - PCI Express (AMD Radeon RX 7900 XT),779€95,2024-10-22
180,PowerColor Fighter AMD Radeon RX 6600 8GB GDDR6,8 Go GDDR6 - HDMI/Tri DisplayPort - PCI Express (AMD Radeon RX 6600),229€95,2024-10-22
181,PowerColor Fighter AMD Radeon RX 7800 XT 16GB GDDR6,16 Go GDDR6 - HDMI/Tri DisplayPort - PCI Express (AMD Radeon RX 7800 XT),579€95,2024-10-22
182,PowerColor  AMD Radeon RX 7800 XT 16GB GDDR6,16 Go GDDR6 - HDMI/Tri DisplayPort - PCI Express (AMD Radeon RX 7800 XT),549€95,2024-10-22
183,Sapphire NITRO+ AMD Radeon RX 7700 XT OC Gaming 12GB,12 Go GDDR6 - Dual HDMI/Dual DisplayPort - PCI Express (AMD Radeon RX 7700 XT),499€95,2024-10-22
184,Sapphire NITRO+ AMD Radeon RX 7800 XT GAMING OC 16GB,16 Go GDDR6 - Dual HDMI/Dual DisplayPort - PCI Express (AMD Radeon RX 7800 XT),649€96,2024-10-22
185,Sapphire Pulse AMD Radeon RX 7600 8GB,8 Go GDDR6 - HDMI/Tri DisplayPort - PCI Express (AMD Radeon RX 7600),299€95,2024-10-22
186,Sapphire Pulse AMD Radeon RX 7600 XT GAMING OC 16GB,16 Go GDDR6 - Dual HDMI/Dual DisplayPort - PCI Express (AMD Radeon RX 7600 XT),389€95,2024-10-22
187,Sapphire PULSE AMD Radeon RX 7700 XT 12GB,12 Go GDDR6 - Dual HDMI/Dual DisplayPort - PCI Express (AMD Radeon RX 7700 XT),469€95,2024-10-22
188,Sapphire PULSE AMD Radeon RX 7800 XT 16GB,16 Go GDDR6 - HDMI/Tri DisplayPort - PCI Express (AMD Radeon RX 7800 XT),599€95,2024-10-22
189,Sapphire Pulse AMD Radeon RX 7900 XT 20GB,20 Go GDDR6 - Dual HDMI/Dual DisplayPort - PCI Express (AMD Radeon RX 7900 XT),829€95,2024-10-22
190,Sapphire PULSE AMD Radeon RX 7900 XTX 24GB,24 Go GDDR6 - Dual HDMI/Dual DisplayPort - PCI Express (AMD Radeon RX 7900 XTX),1 099€95,2024-10-22
191,Sapphire PULSE Radeon RX 6600 8GB,8Go GDDR6 - HDMI/Tri DisplayPort - PCI Express (AMD Radeon RX 6600),259€95,2024-10-22
192,Sapphire PURE AMD Radeon RX 7700 XT 12GB Frostpunk 2 Edition,12 Go GDDR6 - Dual HDMI/Dual DisplayPort - PCI Express (AMD Radeon RX 7700 XT),499€95,2024-10-22
193,Sapphire PURE AMD Radeon RX 7700 XT GAMING OC 12GB,12 Go GDDR6 - Dual HDMI/Dual DisplayPort - PCI Express (AMD Radeon RX 7700 XT),479€95,2024-10-22
194,Sapphire PURE AMD Radeon RX 7800 XT GAMING OC 16GB,16 Go GDDR6 - HDMI/Tri DisplayPort - PCI Express (AMD Radeon RX 7800 XT),619€95,2024-10-22
195,Sapphire NITRO+ AMD Radeon RX 7900 XT Vapor-X 20GB,20 Go GDDR6 - Dual HDMI/Dual DisplayPort - PCI Express (AMD Radeon RX 7900 XT),879€95,2024-10-22
196,Sapphire NITRO+ AMD Radeon RX 7900 XTX Vapor-X 24GB,24 Go GDDR6 - Dual HDMI/Dual DisplayPort - PCI Express (AMD Radeon RX 7900 XTX),1 149€95,2024-10-22
